{"entityTypes":[{"id":"cb0fa3d8-c306-4e32-a6e8-11fda6746531","label":"Terms_Conditions","sireProp":{"mentionType":null,"subtypes":null,"roles":["cb0fa3d8-c306-4e32-a6e8-11fda6746531"],"clazz":null,"color":null,"hotkey":null,"backGroundColor":null,"active":true,"roleOnly":false},"creationDate":1502444497665,"source":null,"modifiedDate":0,"typeType":null,"typeClass":null,"typeVersion":null,"typeDesc":null,"typeSuperType":null,"typeSuperTypeId":null,"typeCreateDate":null,"typeUpdateDate":null,"typeProvenance":null,"alchemyAPITypes":null,"nluAPITypes":null},{"id":"1208a491-3f29-4ff7-a9b7-a968e23cabc6","label":"Merchant_URL","sireProp":{"mentionType":null,"subtypes":null,"roles":["1208a491-3f29-4ff7-a9b7-a968e23cabc6"],"clazz":null,"color":null,"hotkey":null,"backGroundColor":null,"active":true,"roleOnly":false},"creationDate":1502444484178,"source":null,"modifiedDate":0,"typeType":null,"typeClass":null,"typeVersion":null,"typeDesc":null,"typeSuperType":null,"typeSuperTypeId":null,"typeCreateDate":null,"typeUpdateDate":null,"typeProvenance":null,"alchemyAPITypes":null,"nluAPITypes":null},{"id":"cc407390-59d6-485c-98fb-6fba5ebc1c3f","label":"Validity_Period","sireProp":{"mentionType":null,"subtypes":null,"roles":["cc407390-59d6-485c-98fb-6fba5ebc1c3f"],"clazz":null,"color":null,"hotkey":null,"backGroundColor":null,"active":true,"roleOnly":false},"creationDate":1502444465849,"source":null,"modifiedDate":0,"typeType":null,"typeClass":null,"typeVersion":null,"typeDesc":null,"typeSuperType":null,"typeSuperTypeId":null,"typeCreateDate":null,"typeUpdateDate":null,"typeProvenance":null,"alchemyAPITypes":null,"nluAPITypes":null},{"id":"d4fac483-6bd6-4b48-874e-738fbce3b13b","label":"Coupon_Code","sireProp":{"mentionType":null,"subtypes":null,"roles":["d4fac483-6bd6-4b48-874e-738fbce3b13b"],"clazz":null,"color":null,"hotkey":null,"backGroundColor":null,"active":true,"roleOnly":false},"creationDate":1502444445090,"source":null,"modifiedDate":0,"typeType":null,"typeClass":null,"typeVersion":null,"typeDesc":null,"typeSuperType":null,"typeSuperTypeId":null,"typeCreateDate":null,"typeUpdateDate":null,"typeProvenance":null,"alchemyAPITypes":null,"nluAPITypes":null},{"id":"71df9a9d-28c1-4a39-8d36-d57f005bbbb8","label":"Festival_Occasion_Offers","sireProp":{"mentionType":null,"subtypes":null,"roles":["71df9a9d-28c1-4a39-8d36-d57f005bbbb8"],"clazz":null,"color":null,"hotkey":null,"backGroundColor":null,"active":true,"roleOnly":false},"creationDate":1502444428091,"source":null,"modifiedDate":0,"typeType":null,"typeClass":null,"typeVersion":null,"typeDesc":null,"typeSuperType":null,"typeSuperTypeId":null,"typeCreateDate":null,"typeUpdateDate":null,"typeProvenance":null,"alchemyAPITypes":null,"nluAPITypes":null},{"id":"7dca1813-bf70-4007-911b-bd4f7f0338d3","label":"Offer_Branch","sireProp":{"mentionType":null,"subtypes":null,"roles":["7dca1813-bf70-4007-911b-bd4f7f0338d3"],"clazz":null,"color":null,"hotkey":null,"backGroundColor":null,"active":true,"roleOnly":false},"creationDate":1502444417257,"source":null,"modifiedDate":0,"typeType":null,"typeClass":null,"typeVersion":null,"typeDesc":null,"typeSuperType":null,"typeSuperTypeId":null,"typeCreateDate":null,"typeUpdateDate":null,"typeProvenance":null,"alchemyAPITypes":null,"nluAPITypes":null},{"id":"8334e7a5-b0a3-4508-bf06-dbe1c70d8d89","label":"Offer_Applicable","sireProp":{"mentionType":null,"subtypes":null,"roles":["8334e7a5-b0a3-4508-bf06-dbe1c70d8d89"],"clazz":null,"color":null,"hotkey":null,"backGroundColor":null,"active":true,"roleOnly":false},"creationDate":1502444389809,"source":null,"modifiedDate":0,"typeType":null,"typeClass":null,"typeVersion":null,"typeDesc":null,"typeSuperType":null,"typeSuperTypeId":null,"typeCreateDate":null,"typeUpdateDate":null,"typeProvenance":null,"alchemyAPITypes":null,"nluAPITypes":null},{"id":"aa0194b8-979a-493d-a6f5-48dc7a1f10bb","label":"Offer_Product","sireProp":{"mentionType":null,"subtypes":null,"roles":["aa0194b8-979a-493d-a6f5-48dc7a1f10bb"],"clazz":null,"color":null,"hotkey":null,"backGroundColor":null,"active":true,"roleOnly":false},"creationDate":1502444376691,"source":null,"modifiedDate":0,"typeType":null,"typeClass":null,"typeVersion":null,"typeDesc":null,"typeSuperType":null,"typeSuperTypeId":null,"typeCreateDate":null,"typeUpdateDate":null,"typeProvenance":null,"alchemyAPITypes":null,"nluAPITypes":null},{"id":"775c870b-d2bd-4d04-b2e8-db862d447e0a","label":"Points","sireProp":{"mentionType":null,"subtypes":null,"roles":["775c870b-d2bd-4d04-b2e8-db862d447e0a"],"clazz":null,"color":null,"hotkey":null,"backGroundColor":null,"active":true,"roleOnly":false},"creationDate":1502444359132,"source":null,"modifiedDate":0,"typeType":null,"typeClass":null,"typeVersion":null,"typeDesc":null,"typeSuperType":null,"typeSuperTypeId":null,"typeCreateDate":null,"typeUpdateDate":null,"typeProvenance":null,"alchemyAPITypes":null,"nluAPITypes":null},{"id":"9d59e16b-fbe2-435e-b250-0be42f2ae469","label":"Cashback","sireProp":{"mentionType":null,"subtypes":null,"roles":["9d59e16b-fbe2-435e-b250-0be42f2ae469"],"clazz":null,"color":null,"hotkey":null,"backGroundColor":null,"active":true,"roleOnly":false},"creationDate":1502444339485,"source":null,"modifiedDate":0,"typeType":null,"typeClass":null,"typeVersion":null,"typeDesc":null,"typeSuperType":null,"typeSuperTypeId":null,"typeCreateDate":null,"typeUpdateDate":null,"typeProvenance":null,"alchemyAPITypes":null,"nluAPITypes":null},{"id":"3eab83aa-4db2-472c-ba7d-adbd162db7df","label":"Offer","sireProp":{"mentionType":null,"subtypes":null,"roles":["3eab83aa-4db2-472c-ba7d-adbd162db7df"],"clazz":null,"color":null,"hotkey":null,"backGroundColor":null,"active":true,"roleOnly":false},"creationDate":1502444317671,"source":null,"modifiedDate":0,"typeType":null,"typeClass":null,"typeVersion":null,"typeDesc":null,"typeSuperType":null,"typeSuperTypeId":null,"typeCreateDate":null,"typeUpdateDate":null,"typeProvenance":null,"alchemyAPITypes":null,"nluAPITypes":null},{"id":"6c869441-edc0-47b7-93bf-97355b5d154d","label":"Merchant_Phone","sireProp":{"mentionType":null,"subtypes":null,"roles":["6c869441-edc0-47b7-93bf-97355b5d154d"],"clazz":null,"color":null,"hotkey":null,"backGroundColor":null,"active":true,"roleOnly":false},"creationDate":1502444300863,"source":null,"modifiedDate":0,"typeType":null,"typeClass":null,"typeVersion":null,"typeDesc":null,"typeSuperType":null,"typeSuperTypeId":null,"typeCreateDate":null,"typeUpdateDate":null,"typeProvenance":null,"alchemyAPITypes":null,"nluAPITypes":null},{"id":"956f189d-4ef1-4e72-b1a7-56eb29984760","label":"Phone_Code","sireProp":{"mentionType":null,"subtypes":null,"roles":["956f189d-4ef1-4e72-b1a7-56eb29984760"],"clazz":null,"color":null,"hotkey":null,"backGroundColor":null,"active":true,"roleOnly":false},"creationDate":1502444245691,"source":null,"modifiedDate":0,"typeType":null,"typeClass":null,"typeVersion":null,"typeDesc":null,"typeSuperType":null,"typeSuperTypeId":null,"typeCreateDate":null,"typeUpdateDate":null,"typeProvenance":null,"alchemyAPITypes":null,"nluAPITypes":null},{"id":"1d35df99-b431-454e-9453-c2b547db6b3f","label":"Merchant","sireProp":{"mentionType":null,"subtypes":null,"roles":["1d35df99-b431-454e-9453-c2b547db6b3f"],"clazz":null,"color":null,"hotkey":null,"backGroundColor":null,"active":true,"roleOnly":false},"creationDate":1502444222089,"source":null,"modifiedDate":0,"typeType":null,"typeClass":null,"typeVersion":null,"typeDesc":null,"typeSuperType":null,"typeSuperTypeId":null,"typeCreateDate":null,"typeUpdateDate":null,"typeProvenance":null,"alchemyAPITypes":null,"nluAPITypes":null}],"relationshipTypes":[{"id":"098c6f67-c5d2-4501-8e7c-0b1cd751bc51","srcEntType":"3eab83aa-4db2-472c-ba7d-adbd162db7df","tgtEntType":"d4fac483-6bd6-4b48-874e-738fbce3b13b","label":"OfferhasCouponCode","sireProp":{"tense":null,"modality":null,"clazz":null,"backGroundColor":null,"color":null,"hotkey":null,"active":true},"creationDate":1519827695426,"source":null,"typeType":null,"typeClass":null,"typeVersion":null,"typeDesc":null,"typeSuperType":null,"typeCreateDate":null,"typeUpdateDate":null,"typeProvenance":null,"modifiedDate":0},{"id":"4593009d-ed24-4b56-b449-3655de39b1cf","srcEntType":"1d35df99-b431-454e-9453-c2b547db6b3f","tgtEntType":"9d59e16b-fbe2-435e-b250-0be42f2ae469","label":"MerchantgivesOffer","sireProp":{"tense":null,"modality":null,"clazz":null,"backGroundColor":null,"color":null,"hotkey":null,"active":true},"creationDate":1519827869781,"source":null,"typeType":null,"typeClass":null,"typeVersion":null,"typeDesc":null,"typeSuperType":null,"typeCreateDate":null,"typeUpdateDate":null,"typeProvenance":null,"modifiedDate":0},{"id":"7e07cae8-ea76-4b5e-9786-7a3b4095fd41","srcEntType":"1d35df99-b431-454e-9453-c2b547db6b3f","tgtEntType":"1208a491-3f29-4ff7-a9b7-a968e23cabc6","label":"MerchanthasWebsite","sireProp":{"tense":null,"modality":null,"clazz":null,"backGroundColor":null,"color":null,"hotkey":null,"active":true},"creationDate":1519835647572,"source":null,"typeType":null,"typeClass":null,"typeVersion":null,"typeDesc":null,"typeSuperType":null,"typeCreateDate":null,"typeUpdateDate":null,"typeProvenance":null,"modifiedDate":0},{"id":"92fcb094-3bef-4824-aa98-57b0cf02ac72","srcEntType":"3eab83aa-4db2-472c-ba7d-adbd162db7df","tgtEntType":"71df9a9d-28c1-4a39-8d36-d57f005bbbb8","label":"OfferhasName","sireProp":{"tense":null,"modality":null,"clazz":null,"backGroundColor":null,"color":null,"hotkey":null,"active":true},"creationDate":1519827639264,"source":null,"typeType":null,"typeClass":null,"typeVersion":null,"typeDesc":null,"typeSuperType":null,"typeCreateDate":null,"typeUpdateDate":null,"typeProvenance":null,"modifiedDate":0},{"id":"344f2c96-6a6c-466d-a29a-583229a8ad99","srcEntType":"1d35df99-b431-454e-9453-c2b547db6b3f","tgtEntType":"775c870b-d2bd-4d04-b2e8-db862d447e0a","label":"MerchantgivesOffer","sireProp":{"tense":null,"modality":null,"clazz":null,"backGroundColor":null,"color":null,"hotkey":null,"active":true},"creationDate":1519827869781,"source":null,"typeType":null,"typeClass":null,"typeVersion":null,"typeDesc":null,"typeSuperType":null,"typeCreateDate":null,"typeUpdateDate":null,"typeProvenance":null,"modifiedDate":0},{"id":"da505a12-781d-4aeb-8ed5-876da98562a0","srcEntType":"3eab83aa-4db2-472c-ba7d-adbd162db7df","tgtEntType":"cc407390-59d6-485c-98fb-6fba5ebc1c3f","label":"OfferhasValidityPeriod","sireProp":{"tense":null,"modality":null,"clazz":null,"backGroundColor":null,"color":null,"hotkey":null,"active":true},"creationDate":1519827799770,"source":null,"typeType":null,"typeClass":null,"typeVersion":null,"typeDesc":null,"typeSuperType":null,"typeCreateDate":null,"typeUpdateDate":null,"typeProvenance":null,"modifiedDate":0},{"id":"32f48e87-f022-490b-a5c1-7e762564d479","srcEntType":"3eab83aa-4db2-472c-ba7d-adbd162db7df","tgtEntType":"8334e7a5-b0a3-4508-bf06-dbe1c70d8d89","label":"OfferisApplicable","sireProp":{"tense":null,"modality":null,"clazz":null,"backGroundColor":null,"color":null,"hotkey":null,"active":true},"creationDate":1519828368719,"source":null,"typeType":null,"typeClass":null,"typeVersion":null,"typeDesc":null,"typeSuperType":null,"typeCreateDate":null,"typeUpdateDate":null,"typeProvenance":null,"modifiedDate":0},{"id":"a775dec4-4989-4f61-9af5-a39b3f633af4","srcEntType":"1d35df99-b431-454e-9453-c2b547db6b3f","tgtEntType":"3eab83aa-4db2-472c-ba7d-adbd162db7df","label":"MerchantgivesOffer","sireProp":{"tense":null,"modality":null,"clazz":null,"backGroundColor":null,"color":null,"hotkey":null,"active":true},"creationDate":1519827832321,"source":null,"typeType":null,"typeClass":null,"typeVersion":null,"typeDesc":null,"typeSuperType":null,"typeCreateDate":null,"typeUpdateDate":null,"typeProvenance":null,"modifiedDate":0},{"id":"b9525203-b3d1-4184-9fbf-f1c6a6634086","srcEntType":"1d35df99-b431-454e-9453-c2b547db6b3f","tgtEntType":"6c869441-edc0-47b7-93bf-97355b5d154d","label":"MerchanthasPhone","sireProp":{"tense":null,"modality":null,"clazz":null,"backGroundColor":null,"color":null,"hotkey":null,"active":true},"creationDate":1519827732830,"source":null,"typeType":null,"typeClass":null,"typeVersion":null,"typeDesc":null,"typeSuperType":null,"typeCreateDate":null,"typeUpdateDate":null,"typeProvenance":null,"modifiedDate":0}],"sireInfo":{"entityProp":{"mentionType":[{"color":"white","hotkey":"1","backGroundColor":"#AA00FF","name":"NAM"},{"color":"black","hotkey":"2","backGroundColor":"#00FF7F","name":"NOM"},{"color":"black","hotkey":"3","backGroundColor":"#AAFFFF","name":"PRO"},{"color":"white","hotkey":"4","backGroundColor":"gray","name":"NONE"}],"subtypes":null,"roles":null,"clazz":[{"color":"#A5A5A5","hotkey":"3","backGroundColor":"white","name":"SPC"},{"color":"black","hotkey":"2","backGroundColor":"#00FF7F","name":"NEG"},{"color":"black","hotkey":"1","backGroundColor":"#AAFFFF","name":"GEN"}],"color":null,"hotkey":null,"backGroundColor":null,"active":true,"roleOnly":false},"relationProp":null},"functionalEntityTypes":[{"id":"CATCH_ALL_ENTITY_ID","label":"*","sireProp":{"mentionType":null,"subtypes":null,"roles":null,"clazz":null,"color":null,"hotkey":null,"backGroundColor":null,"active":true,"roleOnly":false},"creationDate":1502443277259,"source":null,"modifiedDate":0,"typeType":null,"typeClass":null,"typeVersion":null,"typeDesc":null,"typeSuperType":null,"typeSuperTypeId":null,"typeCreateDate":null,"typeUpdateDate":null,"typeProvenance":null,"alchemyAPITypes":null,"nluAPITypes":null}],"pid":"8f342360-1c8f-11e8-9ded-ddbbc0ccb99a","modified_date":1519835647572,"kgimported":false}